id	name	municipality	googleMaps	facebook	website	phone	open	close	type	fee	courtCount	rates	amenities	photo	description
lipa-elite-pickleball	Lipa Elite Pickleball	Lipa City	https://www.google.com/maps/place/?q=place_id:ChIJ5YHdIgBtvTMRWNiugpLKtjY	https://www.facebook.com/share/1H3D2i9qMQ/		0969 287 4842	08:00	22:00							
hangar-8-pickle-court	Hangar 8 Pickle Court	Lipa City	https://www.google.com/maps/place/?q=place_id:ChIJf9qncHMTvTMRpkXWw3YaUZA			0966 142 1827	00:00	24:00							
pickle-paul-court	Pickle Paul Court	Lipa City	https://www.google.com/maps/place/?q=place_id:ChIJc-bFZQBtvTMRLqy660d0Mw4	https://www.facebook.com/share/1DCeCvQ7et/?mibextid=wwXIfr			00:00	24:00							
paddle-avenue-pickleball-court	Paddle Avenue Pickleball Court	Lipa City	https://www.google.com/maps/place/?q=place_id:ChIJ018WCh9tvTMRcjPfpJp3p7k				08:00	24:00							
rallyhaus-pickleball-court	Rallyhaus Pickleball Court	Lipa City	https://www.google.com/maps/place/?q=place_id:ChIJY7NoHwBrvTMRIJqoyI17rwY	https://www.facebook.com/profile.php?id=61589772970266			00:00	24:00							
batangas-pickleball-arena	Batangas Pickleball Arena	Batangas City	https://www.google.com/maps/place/?q=place_id:ChIJTUeNWgAbvTMRttc7SAuJ8iM												
fitzone-pickleball-court	FITZONE Pickleball Court	Batangas City	https://www.google.com/maps/place/?q=place_id:ChIJ3RDOUwARvTMRXxKdITt_Jv4	https://www.facebook.com/profile.php?id=61584320146196		0956 598 3097	08:00	21:00					Parking		
dink-republic-batangas	Dink Republic Batangas	Batangas City	https://www.google.com/maps/place/?q=place_id:ChIJn-vfwhcRvTMR2oYIOyJQQ44												
zone-tree	Zone Tree	Batangas City	https://www.google.com/maps/place/?q=place_id:ChIJuQRW_8kPvTMRBvn1burRoBE			043 312 7539							Lights		
el-sitio-pickleball	El Sitio Pickleball	Batangas City	https://www.google.com/maps/place/?q=place_id:ChIJg1XxS5QRvTMRRxUUQV0hpBM	https://www.facebook.com/profile.php?id=61580586381870		0956 003 8526	06:00	22:00							
lily-s-pickleball-court	Lily's Pickleball Court	Tanauan City	https://www.google.com/maps/place/?q=place_id:ChIJK4KxFgBvvTMRlEJmJBd-rLo		https://lilyscourt.play-book.co/		06:00	24:00							
pickleball-court-tanauan-laurel-hwy	Pickleball Court – Tanauan (Laurel Hwy)	Tanauan City	https://www.google.com/maps/place/?q=place_id:ChIJPVBOaABvvTMR9PZBvjOn7GE	https://www.facebook.com/clubleonardo.ph		0917 893 8855	06:00	22:00							
pickle-point	Pickle Point	Tanauan City	https://www.google.com/maps/place/?q=place_id:ChIJR9mEbABlvTMRzQE9iBBGZ-4												
pickle-studio	Pickle Studio	Tanauan City	https://www.google.com/maps/place/?q=place_id:ChIJ9zkGNABlvTMRRGoPSt3WQtQ										Parking;Restrooms		
picklestar	PICKLESTAR	Tanauan City	https://www.google.com/maps/place/?q=place_id:ChIJe26iWgBlvTMRNmgWSA9a2Yc		http://picklestar.vercel.app/	0924 476 3684	00:00	24:00							
wh3-pickleball-social-club	WH3 Pickleball Social Club	Santo Tomas	https://www.google.com/maps/place/?q=place_id:ChIJi5XeLS5lvTMR4wLMchHw04I			043 781 5274	07:00	24:00			5		Parking;Restrooms		
pickle-farm	Pickle Farm	Malvar	https://www.google.com/maps/place/?q=place_id:ChIJEVlU3t5vvTMRPrSYXCfUsGs		https://thepicklefarm.com/	0917 876 4911	07:00	22:00					Covered;Parking;Restrooms		
casa-kb-pickleball-court	Casa KB Pickleball Court	Cuenca	https://www.google.com/maps/place/?q=place_id:ChIJRW_nKAANvTMRbwUxvR2vWTo				07:00	22:00							
l-e-a-farm-and-court	L.E.A Farm and Court	San Jose	https://www.google.com/maps/place/?q=place_id:ChIJ-0px5v4TvTMR8kY4iiiNqmU	https://www.facebook.com/profile.php?id=61588963426667		0917 119 5189	17:00	24:00					Lights		
district-70-pickleball	District 70 Pickleball	Ibaan	https://www.google.com/maps/place/?q=place_id:ChIJhyKFHAsRvTMRsoRJlX3KS0M			0966 077 2764									
pickle-alley-rosario	Pickle Alley – Rosario	Rosario	https://www.google.com/maps/place/?q=place_id:ChIJiY-2ZAAVvTMRxIL_Wph23zE										Restrooms		
3k-sports-pickleball	3K Sports Pickleball	Bauan	https://www.google.com/maps/place/?q=place_id:ChIJ-a4fYQAPvTMRMGMCM2Ixrv4				06:00	22:00							
bnm-pickle-ground	BNM Pickle Ground	Bauan	https://www.google.com/maps/place/?q=place_id:ChIJL03bXgAPvTMRdlYykplAFP4								3				
courtnock-pickleball-grounds	Courtnock Pickleball Grounds	San Pascual	https://www.google.com/maps/place/?q=place_id:ChIJq7GEcJ0PvTMRCL99gEZz-Hc	https://www.facebook.com/courtnockpickleballgrounds/			06:00	24:00							
eastbound-pickleball	EastBound Pickleball	San Pascual	https://www.google.com/maps/place/?q=place_id:ChIJu8Bj9FkPvTMR8Y9Uk0Nw3jc				05:00	23:00							
the-pickle-cage	The Pickle Cage	Mabini	https://www.google.com/maps/place/?q=place_id:ChIJj91YEdcHvTMRm0lckHluwhA												
the-match-house	The Match House	Taal	https://www.google.com/maps/place/?q=place_id:ChIJB9m8NgAJvTMRkwYRc1wVUAU		https://reclub.co/clubs/@the-match-house-taal	0919 889 5264	08:00	23:00							
mysports-pickleball-court	MySports Pickleball Court	Balayan	https://www.google.com/maps/place/?q=place_id:ChIJf9ZrU7WjvTMR6TwDNoSm8Dk			0927 760 2625	05:30	24:00			4				
atp-pickleground	ATP Pickleground	Balayan	https://www.google.com/maps/place/?q=place_id:ChIJK-c5JACjvTMR9md-3DNB8tQ				07:00	24:00							
paddle-play-pickleball-club	Paddle & Play Pickleball Club	Balayan	https://www.google.com/maps/place/?q=place_id:ChIJY91U8HqjvTMRW-3vCzIAEsg		https://www.instagram.com/paddleandplay	0917 651 1009	06:00	22:00							
the-pickle-village	The Pickle Village	Balayan	https://www.google.com/maps/place/?q=place_id:ChIJY_4Fda0PvTMRF7SKYPzJ5zw			0917 802 8210	06:00	23:00							
picklebalay	PickleBalay	Balayan	https://www.google.com/maps/place/?q=place_id:ChIJt6UrSQCjvTMRNapCu4ZIkqw												
tropickle-yard	Tropickle Yard	Calaca	https://www.google.com/maps/place/?q=place_id:ChIJZQdiTQChvTMRNbGaSs_SYAw												
hambalos-batulao-pickleball-court	Hambalos Batulao Pickleball Court	Nasugbu	https://www.google.com/maps/place/?q=place_id:ChIJhdCptbudvTMRDDucoU4Qtiw	https://www.facebook.com/profile.php?id=61588377512419		0926 383 9913							Parking;Restrooms;Paddle rental		
the-spin-zone-pickleball-court	The Spin Zone Pickleball Court	Nasugbu	https://www.google.com/maps/place/?q=place_id:ChIJrYCn9XCXvTMR8KDi1xBXiho												
court-hive-by-reyes	Court Hive by Reyes	Nasugbu	https://www.google.com/maps/place/?q=place_id:ChIJmzQvHACXvTMRqA6SF60HU3Q			0967 201 5031									
my-tropapicks	My Tropapicks	Nasugbu	https://www.google.com/maps/place/?q=place_id:ChIJb7jlMQCXvTMRwJ-8rk1p3ow												
sideout-the-pickleball-court	Sideout: The Pickleball Court	Tuy	https://www.google.com/maps/place/?q=place_id:ChIJd_YcYACZvTMReb-5fKAKsBM	https://www.facebook.com/profile.php?id=61580047635090		0994 231 3225	06:00	23:00							
the-quiv-pickleball-court	The Quiv Pickleball Court	Lian	https://www.google.com/maps/place/?q=place_id:ChIJj3jtIxejvTMR4CvBIwJx_P4			0949 801 6212	06:00	23:00							
4215-pickle-club-calatagan	4215 Pickle Club Calatagan	Calatagan	https://www.google.com/maps/place/?q=place_id:ChIJh0lRagCxvTMRTbXqxTDhg4M	https://www.facebook.com/gotembuns		0960 688 6966	07:00	23:00							
lacap-suites-pickleball-resort	Lacap Suites Pickleball Resort	Calatagan	https://www.google.com/maps/place/?q=place_id:ChIJ96FsSwCxvTMRerbSHIQ_YuM				00:00	24:00							
strokes-shots-pickleyard	Strokes & Shots Pickleyard	Calatagan	https://www.google.com/maps/place/?q=place_id:ChIJrxaNFQC7vTMRpPb33A62kdU												
banay-banay-pickleball	Banay-Banay Pickleball	Lipa City	https://www.google.com/maps/place/?q=place_id:ChIJCxQNUgBtvTMR9trYh0U46l8												
the-pickle-yard-lipa-south	The Pickle Yard Lipa South	Lipa City	https://www.google.com/maps/place/?q=place_id:ChIJE1AS1YUTvTMRdmhNiKOoZ7I				00:00	24:00							
the-pickle-patio	The Pickle Patio	Batangas City	https://www.google.com/maps/place/?q=place_id:ChIJ_Q9WCgAPvTMRb1zPAVaddAE	https://www.facebook.com/share/1CiV1aS9v4/?mibextid=wwXIfr		0965 256 1810	00:00	24:00							
moca-pickleville	Moca Pickleville	Padre Garcia	https://www.google.com/maps/place/?q=place_id:ChIJP_Z7GgA_vTMRdFewchDFqj4										Paddle rental		
pickle-playground-lemery	Pickle Playground – Lemery	Lemery	https://www.google.com/maps/place/?q=place_id:ChIJKxvoESYLvTMRTgZy93i0gaA		https://reclub.co/clubs/@pickle-playground-lemery	0917 505 1101	06:00	23:00			3				
hac-courtyard-pickle	HAC Courtyard Pickle	Lemery	https://www.google.com/maps/place/?q=place_id:ChIJG-qTb7ULvTMRbNVngakpQo8												
agoncillo-pickleball-community	Agoncillo Pickleball Community	Agoncillo	https://www.google.com/maps/place/?q=place_id:ChIJp84RWgALvTMRSVRRXxBoZKs												
pickleball-courts-isabel-s-yard	Pickleball Courts @ Isabel's Yard	Cuenca	https://www.google.com/maps/place/?q=place_id:ChIJm_jwYFMNvTMR-Amff0U9yr8	https://web.facebook.com/profile.php?id=61575532786416		0985 103 6914	07:00	22:00							
pickle-paddle-pick	Pickle Paddle Pick	Mataasnakahoy	https://www.google.com/maps/place/?q=place_id:ChIJK04XrlNtvTMRDXI7Tf6L-Fs												
the-pickle-plaza	The Pickle Plaza	Balete	https://www.google.com/maps/place/?q=place_id:ChIJ2SOIiO9vvTMRvvax7TnRxx4												
pickle-master-taal	Pickle Master – Taal	Taal	https://www.google.com/maps/place/?q=place_id:ChIJNbnvJQALvTMRnuFlIP2s3c0												
overtime-pickleball-club	OverTime Pickleball Club	Taal	https://www.google.com/maps/place/?q=place_id:ChIJTbiULQAJvTMRpPxU4unQRdw												
franco-s-pickleball-court	Franco's Pickleball Court	Taal	https://www.google.com/maps/place/?q=place_id:ChIJJ_yDfwALvTMRXC---cZApWU												
the-pickle-tent	The Pickle Tent	Tanauan City	https://www.google.com/maps/place/?q=place_id:ChIJ-TkFb7dvvTMRp03fOv2i-sQ								3		Lights;Parking;Restrooms		
reserve-pbw-pickleball-court	REserve PBW Pickleball Court	Calaca	https://www.google.com/maps/place/?q=place_id:ChIJoVkefgChvTMR3y41f3XxYA8	https://www.facebook.com/share/1aJBfwbYdn/		0917 534 0933	06:00	21:00							